-- phpMyAdmin SQL Dump
-- version 3.4.5
-- http://www.phpmyadmin.net
--
-- Host: localhost
-- Waktu pembuatan: 29. Juli 2013 jam 16:47
-- Versi Server: 5.5.16
-- Versi PHP: 5.3.8

SET SQL_MODE="NO_AUTO_VALUE_ON_ZERO";
SET time_zone = "+00:00";


/*!40101 SET @OLD_CHARACTER_SET_CLIENT=@@CHARACTER_SET_CLIENT */;
/*!40101 SET @OLD_CHARACTER_SET_RESULTS=@@CHARACTER_SET_RESULTS */;
/*!40101 SET @OLD_COLLATION_CONNECTION=@@COLLATION_CONNECTION */;
/*!40101 SET NAMES utf8 */;

--
-- Database: `facerecognize`
--

-- --------------------------------------------------------

--
-- Struktur dari tabel `tb_bobot`
--

CREATE TABLE IF NOT EXISTS `tb_bobot` (
  `idBobot` varchar(7) DEFAULT NULL,
  `nilaiBobot` double DEFAULT NULL
) ENGINE=InnoDB DEFAULT CHARSET=latin1;

--
-- Dumping data untuk tabel `tb_bobot`
--

INSERT INTO `tb_bobot` (`idBobot`, `nilaiBobot`) VALUES
('AXZ11', -0.2490817312635501),
('AXZ21', -0.3168663533994676),
('AXZ31', -0.5361635556973472),
('AXZ12', -0.846276708591774),
('AXZ22', -0.7562349144660218),
('AXZ32', -0.1299609764559604),
('AXZ13', -0.9428684388566362),
('AXZ23', -0.5091821001544949),
('AXZ33', -0.13039587885068385),
('AXZ14', -0.5519527676578868),
('AXZ24', -0.33826067844762986),
('AXZ34', -0.9533490025801834),
('AXZ15', -0.20774157273465563),
('AXZ25', -0.4611371213465381),
('AXZ35', -0.8274725794335569),
('AXZ16', -0.1860255743008787),
('AXZ26', -0.5427264303432917),
('AXZ36', -0.5634607795399011),
('AXZ17', -0.2812323196058901),
('AXZ27', 0.17539399036306008),
('AXZ37', 0.7035431122390327),
('AXZ18', 0.4301042914393116),
('AXZ28', 0.21542437191581315),
('AXZ38', 0.9769487919308759),
('AXZ19', 0.9877024274826448),
('AXZ29', -0.13148233062291254),
('AXZ39', 0.026072723565422392),
('AXZ110', 0.17917832884962168),
('AXZ210', 0.7123879668894528),
('AXZ310', 0.6749035005559741),
('ABZ11', 0.688593023559032),
('ABZ12', 0.0063856748148674565),
('ABZ13', 0.6702047124412672),
('ABZ14', 0.30773560922318327),
('ABZ15', 0.20075743934236884),
('ABZ16', 0.12209786829262569),
('ABZ17', 0.817171683494021),
('ABZ18', 0.029029773929579505),
('ABZ19', 0.2920106930776379),
('ABZ110', 0.4302336324692581),
('AZY11', -0.4375428070416749),
('AZY21', 5.111862598378547),
('AZY31', 4.442280009977637),
('AZY41', 6.991969522616927),
('AZY51', -5.0615398403570495),
('AZY61', -8.26544639193414),
('AZY71', 1.2207277966543728),
('AZY81', -1.1771253933774517),
('AZY91', -7.142988416780236),
('AZY101', 2.483487359795543),
('AZY12', 4.579600595005697),
('AZY22', 2.2226026563776102),
('AZY32', 6.44997800141487),
('AZY42', 6.030366836881779),
('AZY52', 3.743947750416048),
('AZY62', -3.0897175516813586),
('AZY72', 2.0157250456622364),
('AZY82', -9.14368565135174),
('AZY92', -6.994512410689698),
('AZY102', 5.038495183391987),
('AZY13', 8.603873101553752),
('AZY23', -9.499609708468633),
('AZY33', 6.038327200847959),
('AZY43', -8.84853846457419),
('AZY53', -6.9626538972603225),
('AZY63', 5.729017572121698),
('AZY73', -7.037442646973351),
('AZY83', 0.17049765785125004),
('AZY93', 7.911527204473856),
('AZY103', 8.994281097423304),
('AZY14', -9.201595058134675),
('AZY24', 8.290828291469122),
('AZY34', 9.808429342990536),
('AZY44', -6.005604153254467),
('AZY54', -6.065775655772314),
('AZY64', 5.89985889193661),
('AZY74', -7.773153972189526),
('AZY84', 2.151487219549857),
('AZY94', 1.0427156707984047),
('AZY104', -6.466989577696729),
('ABY21', -3.1142231085700622),
('ABY22', 0.6163785100909731),
('ABY23', 8.34687672858188),
('ABY24', 4.981000771818124),
('FXZ11', 17.238174961385482),
('FXZ12', -17.85687521216025),
('FXZ13', -23.503573625215097),
('FXZ14', 11.065795533803081),
('FXZ15', -11.221170737103332),
('FXZ16', -15.408797754812374),
('FXZ17', -16.660393562932377),
('FXZ18', 8.597374196150128),
('FXZ19', 12.4019186187091),
('FXZ110', 16.077479349778322),
('FXZ21', -18.020435156578056),
('FXZ22', -11.246463640599902),
('FXZ23', -16.303639473588504),
('FXZ24', -0.647844145948146),
('FXZ25', -1.4268369869523254),
('FXZ26', 3.07169251075251),
('FXZ27', 5.865919303761172),
('FXZ28', 22.981212478975046),
('FXZ29', 7.313265047932545),
('FXZ210', 0.4039524685793926),
('FXZ31', -4.975577071547223),
('FXZ32', -18.783631755840155),
('FXZ33', 24.890359371829668),
('FXZ34', -17.920855033648824),
('FXZ35', -14.903232453074839),
('FXZ36', -18.198710530691205),
('FXZ37', 9.874354477937132),
('FXZ38', 16.954977709999806),
('FXZ39', 8.190696373979986),
('FXZ310', 13.977956946075276),
('FBZ11', 5.257274069142596),
('FBZ12', 18.010997325394072),
('FBZ13', -7.58976127307454),
('FBZ14', 14.790073077838088),
('FBZ15', 5.898909835980031),
('FBZ16', 7.067158138699082),
('FBZ17', -4.604506504304592),
('FBZ18', -25.050265480187356),
('FBZ19', -13.653892076897701),
('FBZ110', -7.494428193273082),
('FZY11', 21.1601747284888),
('FZY12', 2.4894938565375635),
('FZY13', 6.424848313322721),
('FZY14', -4.457982526572194),
('FZY21', -3.6054963660617063),
('FZY22', -16.36638451764494),
('FZY23', -34.313716802871966),
('FZY24', 18.358408857491064),
('FZY31', -20.843586953508673),
('FZY32', 31.080686354956843),
('FZY33', 10.239191781647838),
('FZY34', 30.860393718729846),
('FBY21', -3.0843266581498034),
('FBY22', -5.929956417848167),
('FBY23', 10.540028014078349),
('FBY24', 7.335537348865483),
('FXZ11', 16.35246153797203),
('FXZ12', -18.99177257971335),
('FXZ13', -24.658023054250794),
('FXZ14', 9.223313908799572),
('FXZ15', -9.135010770682793),
('FXZ16', -16.27533566893819),
('FXZ17', -16.51782454366353),
('FXZ18', 9.295747993655608),
('FXZ19', 10.466421008402572),
('FXZ110', 16.58858907984013),
('FXZ21', -17.549717059173123),
('FXZ22', -11.523441659894974),
('FXZ23', -17.246613403454226),
('FXZ24', -0.854164202532044),
('FXZ25', -3.497049818664379),
('FXZ26', 4.152291381283777),
('FXZ27', 12.333923940123691),
('FXZ28', 20.293192875559335),
('FXZ29', 10.750221879346633),
('FXZ210', 0.006503283827311792),
('FXZ31', -4.231838801288874),
('FXZ32', -19.31553137156866),
('FXZ33', 24.96180874404025),
('FXZ34', -16.979456555732515),
('FXZ35', -14.718240020128022),
('FXZ36', -19.48507178030147),
('FXZ37', 8.666283414887916),
('FXZ38', 19.636281307314647),
('FXZ39', 8.736041576266407),
('FXZ310', 14.624925280594615),
('FBZ11', 4.843666284809615),
('FBZ12', 18.626756321917274),
('FBZ13', -7.1737147932678065),
('FBZ14', 14.209077489422125),
('FBZ15', 6.0208284569306425),
('FBZ16', 7.240736782047951),
('FBZ17', -5.756583924757608),
('FBZ18', -25.538614195566147),
('FBZ19', -16.345111625632285),
('FBZ110', -7.692287504556637),
('FZY11', 19.489985138021265),
('FZY12', 2.243453249573295),
('FZY13', 6.237092112647901),
('FZY14', -4.338157932731964),
('FZY21', -3.011104292748961),
('FZY22', -14.711877256506103),
('FZY23', -35.28511244621165),
('FZY24', 18.74815825446706),
('FZY31', -22.881470829562957),
('FZY32', 31.529404813946023),
('FZY33', 11.726701354191105),
('FZY34', 31.82489757279844),
('FBY21', -2.604056248931935),
('FBY22', -4.91852389443386),
('FBY23', 10.92550649249781),
('FBY24', 6.9727970741787795),
('FXZ11', 16.35246153797203),
('FXZ21', -17.549717059173123),
('FXZ31', -4.231838801288874),
('FXZ12', -18.99177257971335),
('FXZ22', -11.523441659894974),
('FXZ32', -19.31553137156866),
('FXZ13', -24.658023054250794),
('FXZ23', -17.246613403454226),
('FXZ33', 24.96180874404025),
('FXZ14', 9.223313908799572),
('FXZ24', -0.854164202532044),
('FXZ34', -16.979456555732515),
('FXZ15', -9.135010770682793),
('FXZ25', -3.497049818664379),
('FXZ35', -14.718240020128022),
('FXZ16', -16.27533566893819),
('FXZ26', 4.152291381283777),
('FXZ36', -19.48507178030147),
('FXZ17', -16.51782454366353),
('FXZ27', 12.333923940123691),
('FXZ37', 8.666283414887916),
('FXZ18', 9.295747993655608),
('FXZ28', 20.293192875559335),
('FXZ38', 19.636281307314647),
('FXZ19', 10.466421008402572),
('FXZ29', 10.750221879346633),
('FXZ39', 8.736041576266407),
('FXZ110', 16.58858907984013),
('FXZ210', 0.006503283827311792),
('FXZ310', 14.624925280594615),
('FBZ11', 4.843666284809615),
('FBZ12', 18.626756321917274),
('FBZ13', -7.1737147932678065),
('FBZ14', 14.209077489422125),
('FBZ15', 6.0208284569306425),
('FBZ16', 7.240736782047951),
('FBZ17', -5.756583924757608),
('FBZ18', -25.538614195566147),
('FBZ19', -16.345111625632285),
('FBZ110', -7.692287504556637),
('FZY11', 19.489985138021265),
('FZY21', -3.011104292748961),
('FZY31', -22.881470829562957),
('FZY41', 9.82391428174352),
('FZY51', -8.59228842256369),
('FZY61', -18.78631063160962),
('FZY71', -15.852297320885677),
('FZY81', -28.963429936035137),
('FZY91', -11.126098171436452),
('FZY101', 16.121581133753086),
('FZY12', 2.243453249573295),
('FZY22', -14.711877256506103),
('FZY32', 31.529404813946023),
('FZY42', 8.307640171485405),
('FZY52', 12.23521174911035),
('FZY62', 11.127249596761951),
('FZY72', -1.2432357435769905),
('FZY82', -8.19532552558078),
('FZY92', -21.61019180926445),
('FZY102', -2.800251498850606),
('FZY13', 6.237092112647901),
('FZY23', -35.28511244621165),
('FZY33', 11.726701354191105),
('FZY43', -8.562389172308563),
('FZY53', -7.371989761315756),
('FZY63', 4.955219550304814),
('FZY73', -3.4356011382443694),
('FZY83', -19.19769519218229),
('FZY93', 0.16405547555918984),
('FZY103', 12.664455257808509),
('FZY14', -4.338157932731964),
('FZY24', 18.74815825446706),
('FZY34', 31.82489757279844),
('FZY44', -13.242506473317661),
('FZY54', -2.293606235861381),
('FZY64', 12.358699614274153),
('FZY74', -12.713018662527304),
('FZY84', -1.2629284108817755),
('FZY94', -1.9827409481875096),
('FZY104', -12.449567446390018),
('FBY21', -2.604056248931935),
('FBY22', -4.91852389443386),
('FBY23', 10.92550649249781),
('FBY24', 6.9727970741787795);

-- --------------------------------------------------------

--
-- Struktur dari tabel `tb_citrawajah`
--

CREATE TABLE IF NOT EXISTS `tb_citrawajah` (
  `idCitra` int(7) NOT NULL AUTO_INCREMENT,
  `idPelatihan` varchar(7) NOT NULL,
  `gambar` varchar(50) NOT NULL,
  `mxGambar` text NOT NULL,
  PRIMARY KEY (`idCitra`)
) ENGINE=InnoDB  DEFAULT CHARSET=latin1 AUTO_INCREMENT=81 ;

--
-- Dumping data untuk tabel `tb_citrawajah`
--

INSERT INTO `tb_citrawajah` (`idCitra`, `idPelatihan`, `gambar`, `mxGambar`) VALUES
(1, 'kd001', '9326871.1.jpg', '1119.8401881488535#4015.342026693221#5299.628620900729#'),
(2, 'kd001', '9326871.2.jpg', '1124.211832723926#4080.0995323555953#5282.947426053624#'),
(3, 'kd001', '9326871.3.jpg', '1131.1146824819516#4045.2240175751626#5336.490791888361#'),
(4, 'kd001', '9326871.4.jpg', '1146.0050510659366#4092.953107786327#5366.541400558445#'),
(5, 'kd001', '9326871.5.jpg', '1142.9303461944219#4128.67644454702#5323.713352450086#'),
(6, 'kd001', '9326871.6.jpg', '1134.6731384219274#4074.4365469659897#5347.680759331897#'),
(7, 'kd001', '9326871.7.jpg', '1128.512218618357#4128.073074691509#5331.589923542666#'),
(8, 'kd001', '9326871.8.jpg', '1118.9730251034325#4082.9620286089294#5357.496393348078#'),
(9, 'kd002', '9336923.1.jpg', '466.67092168295767#2143.233419713459#2901.135738460393#'),
(10, 'kd002', '9336923.2.jpg', '444.88194660534555#2023.9789455373286#2782.8084455965554#'),
(11, 'kd002', '9336923.3.jpg', '454.4482710076859#2082.4855382786673#2812.0549143815565#'),
(12, 'kd002', '9336923.4.jpg', '514.9713912713264#2237.1976944850308#2975.3267974874766#'),
(13, 'kd002', '9336923.5.jpg', '491.4505874571428#2159.003749737059#2979.699497309444#'),
(14, 'kd002', '9336923.6.jpg', '460.542346849943#2102.0608479226225#2926.788089820575#'),
(15, 'kd002', '9336923.7.jpg', '478.45968335570524#2168.355635343959#2918.225187978019#'),
(16, 'kd002', '9336923.8.jpg', '472.04372142923694#2112.211722927063#2922.068388770505#'),
(17, 'kd003', '9332898.1.jpg', '1199.6448705331081#3693.956584353693#4789.471008282694#'),
(18, 'kd003', '9332898.2.jpg', '1189.1685331608164#3737.0506847397273#4822.818383641519#'),
(19, 'kd003', '9332898.3.jpg', '1214.6809079728437#3788.8812738919582#4827.768535469631#'),
(20, 'kd003', '9332898.4.jpg', '1197.47508646783#3710.645979375854#4873.1781218198175#'),
(21, 'kd003', '9332898.5.jpg', '1207.3989210756731#3760.8799878341415#4890.249454025619#'),
(22, 'kd003', '9332898.6.jpg', '1177.5606612949891#3681.3918364510205#4864.726698178544#'),
(23, 'kd003', '9332898.7.jpg', '1180.3149190583108#3688.2039517094727#4876.555726506058#'),
(24, 'kd003', '9332898.8.jpg', '1186.054101911333#3750.8914806326766#4846.802097478027#'),
(25, 'kd004', '9338446.1.jpg', '1242.7340362613481#4955.972526518616#7258.7579284770845#'),
(26, 'kd004', '9338446.2.jpg', '1230.996456594567#4931.044997971956#7237.730884687222#'),
(27, 'kd004', '9338446.3.jpg', '1245.0903760403326#4912.998745939314#7216.445120069082#'),
(28, 'kd004', '9338446.4.jpg', '1246.645680341102#4882.762226360623#7233.927464357068#'),
(29, 'kd004', '9338446.5.jpg', '1188.1137780321505#4891.450453499583#7159.446494063743#'),
(30, 'kd004', '9338446.6.jpg', '1153.7122920708634#4832.647415382905#7124.737938147225#'),
(31, 'kd004', '9338446.7.jpg', '1158.7077748083007#4755.32311955532#7144.067357047639#'),
(32, 'kd004', '9338446.8.jpg', '1173.4830162413032#4817.4119336689#7123.587302602535#'),
(33, 'kd005', '9338454.1.jpg', '588.9484336176279#2791.783908800489#4565.385033321936#'),
(34, 'kd005', '9338454.2.jpg', '600.1459181230666#2817.8322465227893#4554.2573578655#'),
(35, 'kd005', '9338454.3.jpg', '594.8565348252159#2775.0648006721285#4546.446088432165#'),
(36, 'kd005', '9338454.4.jpg', '619.5921471813167#2809.1898177674825#4589.557027203212#'),
(37, 'kd005', '9338454.5.jpg', '622.1829033099134#2841.776353493893#4558.955571779429#'),
(38, 'kd005', '9338454.6.jpg', '625.1821968054883#2825.3489092854907#4592.431003230236#'),
(39, 'kd005', '9338454.7.jpg', '644.0476224950803#2854.192977044124#4582.113055975049#'),
(40, 'kd005', '9338454.8.jpg', '619.1910239900053#2794.799286348052#4528.464350270511#'),
(41, 'kd006', '9338462.1.jpg', '481.316043148332#1771.3734079905362#2300.838374828362#'),
(42, 'kd006', '9338462.2.jpg', '478.7033150775669#1731.002601149348#2306.4270453592085#'),
(43, 'kd006', '9338462.3.jpg', '476.1512932606363#1693.4264417969205#2275.7473096897934#'),
(44, 'kd006', '9338462.4.jpg', '460.0269778423308#1634.6208646246043#2282.0858075399447#'),
(45, 'kd006', '9338462.5.jpg', '447.8071505738028#1622.521895948434#2261.781665304835#'),
(46, 'kd006', '9338462.6.jpg', '451.82157298300694#1678.651135755006#2285.6128068891403#'),
(47, 'kd006', '9338462.7.jpg', '443.7464478205077#1647.7951747847624#2291.2730545253917#'),
(48, 'kd006', '9338462.8.jpg', '458.2996288433894#1710.2169056317418#2304.3201170462767#'),
(49, 'kd007', '9338497.1.jpg', '978.9452035477834#4166.048656545804#6273.02990419114#'),
(50, 'kd007', '9338497.2.jpg', '986.9077637395585#4212.799863550168#6311.213975353812#'),
(51, 'kd007', '9338497.3.jpg', '1000.1811103044092#4236.3932885274335#6341.066603508785#'),
(52, 'kd007', '9338497.4.jpg', '996.6230033348711#4233.9409255157525#6239.329159404921#'),
(53, 'kd007', '9338497.5.jpg', '1011.7573758592071#4167.148437987201#6191.091955670315#'),
(54, 'kd007', '9338497.6.jpg', '1039.4859752766934#4223.042439132065#6198.387584489774#'),
(55, 'kd007', '9338497.7.jpg', '1000.2568230048482#4192.454620164606#6166.030853402206#'),
(56, 'kd007', '9338497.8.jpg', '980.4730408301875#4127.330690405168#6186.818463450048#'),
(57, 'kd008', 'ccjame.1.jpg', '574.2770033382067#3958.8657456504457#6131.854263265235#'),
(58, 'kd008', 'ccjame.2.jpg', '561.4503453954708#3948.793580011958#6187.493731208281#'),
(59, 'kd008', 'ccjame.3.jpg', '575.7313774154986#4029.1195438862464#6217.309384357066#'),
(60, 'kd008', 'ccjame.4.jpg', '580.3189976839926#4140.0239344370275#6205.805684153234#'),
(61, 'kd008', 'ccjame.5.jpg', '589.775594222699#4146.4099263154785#6318.4382024413035#'),
(62, 'kd008', 'ccjame.6.jpg', '588.6272475832543#4131.220826582414#6291.157199137386#'),
(63, 'kd008', 'ccjame.7.jpg', '587.001856426406#4231.234003171427#6307.60411011166#'),
(64, 'kd008', 'ccjame.8.jpg', '587.4025868770668#4152.3133907494175#6324.4628052455955#'),
(65, 'kd009', 'ekavaz.1.jpg', '733.2850889052925#3359.5742123138957#4070.2645456760247#'),
(66, 'kd009', 'ekavaz.2.jpg', '770.3289946874152#3393.3050124203555#4103.498651573212#'),
(67, 'kd009', 'ekavaz.3.jpg', '783.7146805151319#3417.021038661031#4130.824586482659#'),
(68, 'kd009', 'ekavaz.4.jpg', '790.5497227772266#3482.7736861981875#4117.041963460229#'),
(69, 'kd009', 'ekavaz.5.jpg', '802.3608479233476#3395.7703938267537#4109.685004979883#'),
(70, 'kd009', 'ekavaz.6.jpg', '795.1650032003063#3397.920560364021#4104.224005484263#'),
(71, 'kd009', 'ekavaz.7.jpg', '803.6453594523678#3496.498924296385#4096.3554133461175#'),
(72, 'kd009', 'ekavaz.8.jpg', '800.5855805764272#3600.445930938465#4236.571875515248#'),
(73, 'kd010', 'yfhsie.10.jpg', '559.6393675081781#1891.416348253885#2814.3259997824725#'),
(74, 'kd010', 'yfhsie.11.jpg', '590.6028570089202#1954.858235830096#2958.2668295071235#'),
(75, 'kd010', 'yfhsie.12.jpg', '576.5253579906616#1917.9156539249404#2844.7318643063445#'),
(76, 'kd010', 'yfhsie.13.jpg', '585.4610480945548#1963.384081405709#2912.9998932176213#'),
(77, 'kd010', 'yfhsie.14.jpg', '593.4718860876642#1973.4401465125784#2940.7066924445016#'),
(78, 'kd010', 'yfhsie.15.jpg', '600.4053175468243#1943.2015068534602#2818.2764194383435#'),
(79, 'kd010', 'yfhsie.16.jpg', '598.0654309701272#1935.1786146024526#2857.3360590673756#'),
(80, 'kd010', 'yfhsie.17.jpg', '577.4054868200024#1880.0847855721738#2732.716666889109#');

-- --------------------------------------------------------

--
-- Struktur dari tabel `tb_pelatihan`
--

CREATE TABLE IF NOT EXISTS `tb_pelatihan` (
  `idPelatihan` varchar(7) NOT NULL,
  `nama` varchar(20) NOT NULL,
  `tglLahir` date NOT NULL,
  `alamat` text NOT NULL,
  `nilaiTarget` text NOT NULL,
  PRIMARY KEY (`idPelatihan`)
) ENGINE=InnoDB DEFAULT CHARSET=latin1;

--
-- Dumping data untuk tabel `tb_pelatihan`
--

INSERT INTO `tb_pelatihan` (`idPelatihan`, `nama`, `tglLahir`, `alamat`, `nilaiTarget`) VALUES
('kd001', 'Muhamad Burhanudin', '1990-06-28', 'Brebes', '0000'),
('kd002', 'Puji Astuti', '1990-05-19', 'Kebumen', '0001'),
('kd003', 'Budi Ratnosari', '1990-07-12', 'Kemiren, Magelang', '0010'),
('kd004', 'Amaludin', '1990-11-07', 'Bontang', '0011'),
('kd005', 'Syahru Ramadhan', '1990-09-19', 'Palembang', '0100'),
('kd006', 'Abdul Affif', '1990-05-04', 'Brebes', '0101'),
('kd007', 'Imam Subchi', '1990-01-10', 'Brebes', '0110'),
('kd008', 'Caesar Ade S', '1990-02-07', 'Kebumen', '0111'),
('kd009', 'Ayu Nurjanah', '1991-07-28', 'Indramayu', '1000'),
('kd010', 'Hartini', '1993-07-22', 'Kedungsari', '1001');

-- --------------------------------------------------------

--
-- Struktur dari tabel `tb_settingjst`
--

CREATE TABLE IF NOT EXISTS `tb_settingjst` (
  `idSetting` varchar(7) NOT NULL,
  `nilai` double NOT NULL,
  PRIMARY KEY (`idSetting`)
) ENGINE=InnoDB DEFAULT CHARSET=latin1;

--
-- Dumping data untuk tabel `tb_settingjst`
--

INSERT INTO `tb_settingjst` (`idSetting`, `nilai`) VALUES
('fepoch', 8540),
('fSSE', 0.09998133090938906),
('kb', 0.4);

/*!40101 SET CHARACTER_SET_CLIENT=@OLD_CHARACTER_SET_CLIENT */;
/*!40101 SET CHARACTER_SET_RESULTS=@OLD_CHARACTER_SET_RESULTS */;
/*!40101 SET COLLATION_CONNECTION=@OLD_COLLATION_CONNECTION */;
