-- phpMyAdmin SQL Dump
-- version 3.4.5
-- http://www.phpmyadmin.net
--
-- Host: localhost
-- Waktu pembuatan: 24. Agustus 2013 jam 02:59
-- Versi Server: 5.5.16
-- Versi PHP: 5.3.8

SET SQL_MODE="NO_AUTO_VALUE_ON_ZERO";
SET time_zone = "+00:00";


/*!40101 SET @OLD_CHARACTER_SET_CLIENT=@@CHARACTER_SET_CLIENT */;
/*!40101 SET @OLD_CHARACTER_SET_RESULTS=@@CHARACTER_SET_RESULTS */;
/*!40101 SET @OLD_COLLATION_CONNECTION=@@COLLATION_CONNECTION */;
/*!40101 SET NAMES utf8 */;

--
-- Database: `facerecognize`
--

-- --------------------------------------------------------

--
-- Struktur dari tabel `tb_bobot`
--

CREATE TABLE IF NOT EXISTS `tb_bobot` (
  `idBobot` varchar(7) DEFAULT NULL,
  `nilaiBobot` double DEFAULT NULL
) ENGINE=InnoDB DEFAULT CHARSET=latin1;

--
-- Dumping data untuk tabel `tb_bobot`
--

INSERT INTO `tb_bobot` (`idBobot`, `nilaiBobot`) VALUES
('AXZ11', -0.19504405364476596),
('AXZ21', -0.4172842409678657),
('AXZ31', -0.036630987556738714),
('AXZ12', -0.7530999134937241),
('AXZ22', -0.2988323071809175),
('AXZ32', 0.019053064764327273),
('AXZ13', 0.8785592916602013),
('AXZ23', -0.7118287765333821),
('AXZ33', -0.9298184690804114),
('AXZ14', -0.10927040130720428),
('AXZ24', -0.3541555338736913),
('AXZ34', -0.04214847893202659),
('AXZ15', 0.24173628582905762),
('AXZ25', -0.08980343188853994),
('AXZ35', 0.44701227160809565),
('AXZ16', 0.4211119602744347),
('AXZ26', -0.5974068023942682),
('AXZ36', -0.17655565056401998),
('AXZ17', 0.3361145177492128),
('AXZ27', -0.9804803773694302),
('AXZ37', -0.8963285845861921),
('AXZ18', 0.6670805649976188),
('AXZ28', 0.9142085324719363),
('AXZ38', 0.8916610028534936),
('AXZ19', -0.9684042940978348),
('AXZ29', 0.1890569473639529),
('AXZ39', 0.13434202090101935),
('AXZ110', 0.21556879741489496),
('AXZ210', 0.7201442854545406),
('AXZ310', -0.7162071823991165),
('ABZ11', 0.6316219951967225),
('ABZ12', 0.8666638902502057),
('ABZ13', -0.49451692251479074),
('ABZ14', -0.8741808533179123),
('ABZ15', 0.686221013455262),
('ABZ16', 0.6853050690704768),
('ABZ17', 0.6666267829642416),
('ABZ18', 0.723408127905065),
('ABZ19', -0.9285854486782279),
('ABZ110', -0.08815130878774483),
('AZY11', 1.6848553936928763),
('AZY21', -9.372122342261438),
('AZY31', -9.854887832958507),
('AZY41', 3.842563577032598),
('AZY51', 3.410452917430602),
('AZY61', 1.357698813984598),
('AZY71', 4.748654363622366),
('AZY81', -9.535379039563633),
('AZY91', -2.973763500206381),
('AZY101', 4.265702586522339),
('AZY12', 8.436463788806556),
('AZY22', -3.2711901441037172),
('AZY32', 8.710640448384812),
('AZY42', 4.164537900162074),
('AZY52', -8.898656617842338),
('AZY62', -2.6207614954387948),
('AZY72', 9.69085618926713),
('AZY82', -6.4951481863858636),
('AZY92', 9.908909240510056),
('AZY102', -4.558261861587756),
('AZY13', -1.2057631223622423),
('AZY23', 8.708386070620609),
('AZY33', 7.348121812846653),
('AZY43', 5.056397590919328),
('AZY53', -0.5746399657375356),
('AZY63', 5.856608944285464),
('AZY73', 3.139357777470968),
('AZY83', 1.999365458709498),
('AZY93', 1.6280805331180286),
('AZY103', 2.615722812017246),
('AZY14', -9.649237437970212),
('AZY24', -6.418018021505787),
('AZY34', -5.627309570383947),
('AZY44', 2.926465312176557),
('AZY54', 2.9934740924884053),
('AZY64', 6.641876346155545),
('AZY74', 2.687962117393674),
('AZY84', -0.9900000222174619),
('AZY94', 9.042034235203335),
('AZY104', -9.978199580121865),
('ABY21', -9.912416517843443),
('ABY22', 3.5560332299605797),
('ABY23', 4.172527583502809),
('ABY24', 4.376449187821429),
('FXZ11', 6.416392252564133),
('FXZ21', 14.224693422497246),
('FXZ31', 20.717047049013022),
('FXZ12', 0.28023207770087644),
('FXZ22', 0.6861281149343932),
('FXZ32', -3.0530309375761124),
('FXZ13', -18.014391137442406),
('FXZ23', 7.6920136300997894),
('FXZ33', -19.739658876312397),
('FXZ14', 11.082591971748728),
('FXZ24', -15.54065126451008),
('FXZ34', 2.970016028140503),
('FXZ15', -3.2082843547713735),
('FXZ25', 13.805675770501052),
('FXZ35', 6.506288886901774),
('FXZ16', -21.184355786434214),
('FXZ26', 12.225311281691052),
('FXZ36', -4.762287333499801),
('FXZ17', -6.94923474379064),
('FXZ27', -13.394774376238013),
('FXZ37', -9.314614394584545),
('FXZ18', 17.185801120154927),
('FXZ28', 3.4260923738552695),
('FXZ38', 13.816090250654312),
('FXZ19', -23.97160739357709),
('FXZ29', -10.076646143634424),
('FXZ39', 19.96907975970077),
('FXZ110', 16.398066471884658),
('FXZ210', 7.760173104808913),
('FXZ310', -30.042587357719714),
('FBZ11', -17.247440334099363),
('FBZ12', -4.230217773998117),
('FBZ13', 6.159971961034673),
('FBZ14', 2.0702516716718877),
('FBZ15', -5.233340169215625),
('FBZ16', 0.15654006545241791),
('FBZ17', 18.301726889269798),
('FBZ18', -12.290254969205648),
('FBZ19', -7.6035398380397785),
('FBZ110', 13.842886472455493),
('FZY11', 18.086135749606786),
('FZY21', -9.312794131462825),
('FZY31', -23.950305112913224),
('FZY41', 15.055402837403376),
('FZY51', -8.635359970543032),
('FZY61', -15.58619752027127),
('FZY71', 7.182186296991798),
('FZY81', -19.102930698768972),
('FZY91', -10.207022025120688),
('FZY101', 21.14555078715491),
('FZY12', 7.407545359458926),
('FZY22', -3.7360822872346926),
('FZY32', 15.019145208751834),
('FZY42', 4.227689550463855),
('FZY52', -17.48886837650149),
('FZY62', 0.9310742140693252),
('FZY72', 21.374565435749723),
('FZY82', -12.330835588186776),
('FZY92', 14.610619501246813),
('FZY102', -20.607768603129113),
('FZY13', 7.366022975223077),
('FZY23', 8.54099150823721),
('FZY33', -0.8375246387935332),
('FZY43', 5.285551181623766),
('FZY53', -5.002390062443004),
('FZY63', -15.863449692290898),
('FZY73', -7.484658421344331),
('FZY83', 12.48063915001614),
('FZY93', 17.830534095050126),
('FZY103', 17.094328730409785),
('FZY14', -26.64361922049862),
('FZY24', -4.2642269094757985),
('FZY34', -1.5517206833814914),
('FZY44', 4.9809868821922505),
('FZY54', 1.701586716719121),
('FZY64', 11.118204816614469),
('FZY74', -7.7164211923606185),
('FZY84', -2.0518803335671865),
('FZY94', 23.7982640164233),
('FZY104', -3.155463543417156),
('FBY21', -12.550648926143916),
('FBY22', -0.6899512778440474),
('FBY23', -6.414571452345876),
('FBY24', 8.026496214405208),
('FXZ11', 9.720499438711242),
('FXZ21', 8.352903916807923),
('FXZ31', 20.752364992460045),
('FXZ12', 0.5763452967986396),
('FXZ22', 1.0328856401529385),
('FXZ32', -2.9915932184401477),
('FXZ13', -18.155211055400624),
('FXZ23', 7.575826826704569),
('FXZ33', -18.75872853020335),
('FXZ14', 14.560345549891812),
('FXZ24', -25.315037784141158),
('FXZ34', 3.590375515874561),
('FXZ15', 1.829404457600827),
('FXZ25', 8.068328194535583),
('FXZ35', 11.022298080775425),
('FXZ16', -1.353734859451223),
('FXZ26', -5.924753145418955),
('FXZ36', -10.183286865826522),
('FXZ17', -28.28769356988026),
('FXZ27', -4.070823696988042),
('FXZ37', -9.175254775346557),
('FXZ18', 5.319253934801248),
('FXZ28', 6.918243805283981),
('FXZ38', 14.87792235678804),
('FXZ19', -21.721304594428982),
('FXZ29', -4.793181154464677),
('FXZ39', 32.38104013830999),
('FXZ110', 23.49057238002859),
('FXZ210', 10.34539220381259),
('FXZ310', -20.31158230263676),
('FBZ11', -15.295205685517397),
('FBZ12', -3.0017885111188107),
('FBZ13', 6.023647071276194),
('FBZ14', 4.432163654502517),
('FBZ15', -4.902095481992726),
('FBZ16', 5.129503465753293),
('FBZ17', 11.622599605286839),
('FBZ18', -18.941287575697707),
('FBZ19', -16.30724238057601),
('FBZ110', 7.843326043587986),
('FZY11', 12.83042989756961),
('FZY21', -9.347394056866705),
('FZY31', -23.81528348559769),
('FZY41', 23.737369887390276),
('FZY51', -0.2206605749155178),
('FZY61', -1.477266690579027),
('FZY71', 9.275104410571624),
('FZY81', -14.657534896502002),
('FZY91', -25.3329637642831),
('FZY101', 1.1105200813956795),
('FZY12', 4.972092027110108),
('FZY22', -4.18524812637211),
('FZY32', 11.601481807927442),
('FZY42', 3.736120293620706),
('FZY52', -16.905092550841896),
('FZY62', 7.609860969970357),
('FZY72', 15.087001101370777),
('FZY82', -19.00853103810897),
('FZY92', 24.22575713238101),
('FZY102', -15.389005929887388),
('FZY13', 21.211046457754083),
('FZY23', 8.653445617111847),
('FZY33', 5.568326778220039),
('FZY43', 2.474916633185173),
('FZY53', 4.485257519346087),
('FZY63', 2.530973889698806),
('FZY73', -17.171573573947107),
('FZY83', 9.822792370847761),
('FZY93', -20.561432181686005),
('FZY103', -18.015479530984393),
('FZY14', -20.98291132059654),
('FZY24', -3.6064592036870677),
('FZY34', -4.105509205141659),
('FZY44', 3.166984037768302),
('FZY54', 5.293623687905484),
('FZY64', 11.951842434777287),
('FZY74', 10.94493420376647),
('FZY84', 8.039083746926812),
('FZY94', 9.25813342301276),
('FZY104', -22.378958636499465),
('FBY21', -12.074655576111622),
('FBY22', 0.864023914241683),
('FBY23', 6.012562836212933),
('FBY24', 8.70202583624939),
('FXZ11', 8.979287218135818),
('FXZ21', 8.926433559323913),
('FXZ31', 21.634246195839903),
('FXZ12', 4.548190478252421),
('FXZ22', 0.8193544362053534),
('FXZ32', 4.759111871414359),
('FXZ13', -17.820864275383258),
('FXZ23', 8.165841175841049),
('FXZ33', -19.434627209212625),
('FXZ14', 13.09294177010344),
('FXZ24', -24.841643396859066),
('FXZ34', 5.089410367964298),
('FXZ15', 3.4897459365814782),
('FXZ25', 6.645771235340345),
('FXZ35', 12.91598408960489),
('FXZ16', 4.454748243749006),
('FXZ26', -11.935575403291342),
('FXZ36', -6.939263680115683),
('FXZ17', -29.176708899268547),
('FXZ27', -4.887931149762602),
('FXZ37', -9.31474692828343),
('FXZ18', 5.879907092708226),
('FXZ28', 9.327769027288511),
('FXZ38', 12.885166566504608),
('FXZ19', -21.623867506717705),
('FXZ29', -5.277007801284881),
('FXZ39', 32.97147204850866),
('FXZ110', 24.42163401160509),
('FXZ210', 9.43354814968752),
('FXZ310', -20.213953177017004),
('FBZ11', -15.489494902954776),
('FBZ12', -4.659468074939421),
('FBZ13', 6.138166198811617),
('FBZ14', 3.7365864751105695),
('FBZ15', -5.576181754753535),
('FBZ16', 5.85165887029049),
('FBZ17', 12.112958690842223),
('FBZ18', -18.924272514561835),
('FBZ19', -16.47212610714223),
('FBZ110', 8.224720101557985),
('FZY11', 14.455449096814206),
('FZY21', -7.7563977417463095),
('FZY31', -23.74908469165231),
('FZY41', 21.664130556937067),
('FZY51', 2.888026811133055),
('FZY61', 6.137744536400548),
('FZY71', 5.922987746832359),
('FZY81', -13.9503313827192),
('FZY91', -25.931099425779657),
('FZY101', 0.03629264978625458),
('FZY12', 6.420595066097175),
('FZY22', -3.141549230885084),
('FZY32', 11.377769491108335),
('FZY42', 3.402621334659488),
('FZY52', -16.914264679046966),
('FZY62', 6.430381884586319),
('FZY72', 13.901421465458954),
('FZY82', -19.60047145431151),
('FZY92', 24.66507552461917),
('FZY102', -15.146618477886951),
('FZY13', 17.74704171278443),
('FZY23', 10.51139439670299),
('FZY33', 6.063464099380731),
('FZY43', 1.9010262271136107),
('FZY53', 4.230827042501618),
('FZY63', 3.3243416928954974),
('FZY73', -17.760819516931655),
('FZY83', 7.210739270543284),
('FZY93', -22.176447326689395),
('FZY103', -18.188691531072834),
('FZY14', -19.9917726267394),
('FZY24', -2.5582939207829707),
('FZY34', -4.564220371594758),
('FZY44', 3.0250413292013114),
('FZY54', 5.210366547446453),
('FZY64', 11.391413019052454),
('FZY74', 10.652911688765714),
('FZY84', 8.408091653450713),
('FZY94', 10.797551894853456),
('FZY104', -22.215431358300325),
('FBY21', -11.959701879953773),
('FBY22', 0.8590934591206326),
('FBY23', 5.841492270948847),
('FBY24', 8.457722512493019);

-- --------------------------------------------------------

--
-- Struktur dari tabel `tb_citrawajah`
--

CREATE TABLE IF NOT EXISTS `tb_citrawajah` (
  `idCitra` int(7) NOT NULL AUTO_INCREMENT,
  `idPelatihan` varchar(7) NOT NULL,
  `gambar` varchar(50) NOT NULL,
  `mxGambar` text NOT NULL,
  PRIMARY KEY (`idCitra`)
) ENGINE=InnoDB  DEFAULT CHARSET=latin1 AUTO_INCREMENT=81 ;

--
-- Dumping data untuk tabel `tb_citrawajah`
--

INSERT INTO `tb_citrawajah` (`idCitra`, `idPelatihan`, `gambar`, `mxGambar`) VALUES
(1, 'kd001', '9326871.1.jpg', '1119.8401881488535#4015.342026693221#5299.628620900729#'),
(2, 'kd001', '9326871.2.jpg', '1124.211832723926#4080.0995323555953#5282.947426053624#'),
(3, 'kd001', '9326871.3.jpg', '1131.1146824819516#4045.2240175751626#5336.490791888361#'),
(4, 'kd001', '9326871.4.jpg', '1146.0050510659366#4092.953107786327#5366.541400558445#'),
(5, 'kd001', '9326871.5.jpg', '1142.9303461944219#4128.67644454702#5323.713352450086#'),
(6, 'kd001', '9326871.6.jpg', '1134.6731384219274#4074.4365469659897#5347.680759331897#'),
(7, 'kd001', '9326871.7.jpg', '1128.512218618357#4128.073074691509#5331.589923542666#'),
(8, 'kd001', '9326871.8.jpg', '1118.9730251034325#4082.9620286089294#5357.496393348078#'),
(9, 'kd002', '9336923.1.jpg', '466.67092168295767#2143.233419713459#2901.135738460393#'),
(10, 'kd002', '9336923.2.jpg', '444.88194660534555#2023.9789455373286#2782.8084455965554#'),
(11, 'kd002', '9336923.3.jpg', '454.4482710076859#2082.4855382786673#2812.0549143815565#'),
(12, 'kd002', '9336923.4.jpg', '514.9713912713264#2237.1976944850308#2975.3267974874766#'),
(13, 'kd002', '9336923.5.jpg', '491.4505874571428#2159.003749737059#2979.699497309444#'),
(14, 'kd002', '9336923.6.jpg', '460.542346849943#2102.0608479226225#2926.788089820575#'),
(15, 'kd002', '9336923.7.jpg', '478.45968335570524#2168.355635343959#2918.225187978019#'),
(16, 'kd002', '9336923.8.jpg', '472.04372142923694#2112.211722927063#2922.068388770505#'),
(17, 'kd003', '9332898.1.jpg', '1199.6448705331081#3693.956584353693#4789.471008282694#'),
(18, 'kd003', '9332898.2.jpg', '1189.1685331608164#3737.0506847397273#4822.818383641519#'),
(19, 'kd003', '9332898.3.jpg', '1214.6809079728437#3788.8812738919582#4827.768535469631#'),
(20, 'kd003', '9332898.4.jpg', '1197.47508646783#3710.645979375854#4873.1781218198175#'),
(21, 'kd003', '9332898.5.jpg', '1207.3989210756731#3760.8799878341415#4890.249454025619#'),
(22, 'kd003', '9332898.6.jpg', '1177.5606612949891#3681.3918364510205#4864.726698178544#'),
(23, 'kd003', '9332898.7.jpg', '1180.3149190583108#3688.2039517094727#4876.555726506058#'),
(24, 'kd003', '9332898.8.jpg', '1186.054101911333#3750.8914806326766#4846.802097478027#'),
(25, 'kd004', '9338446.1.jpg', '1242.7340362613481#4955.972526518616#7258.7579284770845#'),
(26, 'kd004', '9338446.2.jpg', '1230.996456594567#4931.044997971956#7237.730884687222#'),
(27, 'kd004', '9338446.3.jpg', '1245.0903760403326#4912.998745939314#7216.445120069082#'),
(28, 'kd004', '9338446.4.jpg', '1246.645680341102#4882.762226360623#7233.927464357068#'),
(29, 'kd004', '9338446.5.jpg', '1188.1137780321505#4891.450453499583#7159.446494063743#'),
(30, 'kd004', '9338446.6.jpg', '1153.7122920708634#4832.647415382905#7124.737938147225#'),
(31, 'kd004', '9338446.7.jpg', '1158.7077748083007#4755.32311955532#7144.067357047639#'),
(32, 'kd004', '9338446.8.jpg', '1173.4830162413032#4817.4119336689#7123.587302602535#'),
(33, 'kd005', '9338454.1.jpg', '588.9484336176279#2791.783908800489#4565.385033321936#'),
(34, 'kd005', '9338454.2.jpg', '600.1459181230666#2817.8322465227893#4554.2573578655#'),
(35, 'kd005', '9338454.3.jpg', '594.8565348252159#2775.0648006721285#4546.446088432165#'),
(36, 'kd005', '9338454.4.jpg', '619.5921471813167#2809.1898177674825#4589.557027203212#'),
(37, 'kd005', '9338454.5.jpg', '622.1829033099134#2841.776353493893#4558.955571779429#'),
(38, 'kd005', '9338454.6.jpg', '625.1821968054883#2825.3489092854907#4592.431003230236#'),
(39, 'kd005', '9338454.7.jpg', '644.0476224950803#2854.192977044124#4582.113055975049#'),
(40, 'kd005', '9338454.8.jpg', '619.1910239900053#2794.799286348052#4528.464350270511#'),
(41, 'kd006', '9338462.1.jpg', '481.316043148332#1771.3734079905362#2300.838374828362#'),
(42, 'kd006', '9338462.2.jpg', '478.7033150775669#1731.002601149348#2306.4270453592085#'),
(43, 'kd006', '9338462.3.jpg', '476.1512932606363#1693.4264417969205#2275.7473096897934#'),
(44, 'kd006', '9338462.4.jpg', '460.0269778423308#1634.6208646246043#2282.0858075399447#'),
(45, 'kd006', '9338462.5.jpg', '447.8071505738028#1622.521895948434#2261.781665304835#'),
(46, 'kd006', '9338462.6.jpg', '451.82157298300694#1678.651135755006#2285.6128068891403#'),
(47, 'kd006', '9338462.7.jpg', '443.7464478205077#1647.7951747847624#2291.2730545253917#'),
(48, 'kd006', '9338462.8.jpg', '458.2996288433894#1710.2169056317418#2304.3201170462767#'),
(49, 'kd007', '9338497.1.jpg', '978.9452035477834#4166.048656545804#6273.02990419114#'),
(50, 'kd007', '9338497.2.jpg', '986.9077637395585#4212.799863550168#6311.213975353812#'),
(51, 'kd007', '9338497.3.jpg', '1000.1811103044092#4236.3932885274335#6341.066603508785#'),
(52, 'kd007', '9338497.4.jpg', '996.6230033348711#4233.9409255157525#6239.329159404921#'),
(53, 'kd007', '9338497.5.jpg', '1011.7573758592071#4167.148437987201#6191.091955670315#'),
(54, 'kd007', '9338497.6.jpg', '1039.4859752766934#4223.042439132065#6198.387584489774#'),
(55, 'kd007', '9338497.7.jpg', '1000.2568230048482#4192.454620164606#6166.030853402206#'),
(56, 'kd007', '9338497.8.jpg', '980.4730408301875#4127.330690405168#6186.818463450048#'),
(57, 'kd008', 'ccjame.1.jpg', '574.2770033382067#3958.8657456504457#6131.854263265235#'),
(58, 'kd008', 'ccjame.2.jpg', '561.4503453954708#3948.793580011958#6187.493731208281#'),
(59, 'kd008', 'ccjame.3.jpg', '575.7313774154986#4029.1195438862464#6217.309384357066#'),
(60, 'kd008', 'ccjame.4.jpg', '580.3189976839926#4140.0239344370275#6205.805684153234#'),
(61, 'kd008', 'ccjame.5.jpg', '589.775594222699#4146.4099263154785#6318.4382024413035#'),
(62, 'kd008', 'ccjame.6.jpg', '588.6272475832543#4131.220826582414#6291.157199137386#'),
(63, 'kd008', 'ccjame.7.jpg', '587.001856426406#4231.234003171427#6307.60411011166#'),
(64, 'kd008', 'ccjame.8.jpg', '587.4025868770668#4152.3133907494175#6324.4628052455955#'),
(65, 'kd009', 'ekavaz.1.jpg', '733.2850889052925#3359.5742123138957#4070.2645456760247#'),
(66, 'kd009', 'ekavaz.2.jpg', '770.3289946874152#3393.3050124203555#4103.498651573212#'),
(67, 'kd009', 'ekavaz.3.jpg', '783.7146805151319#3417.021038661031#4130.824586482659#'),
(68, 'kd009', 'ekavaz.4.jpg', '790.5497227772266#3482.7736861981875#4117.041963460229#'),
(69, 'kd009', 'ekavaz.5.jpg', '802.3608479233476#3395.7703938267537#4109.685004979883#'),
(70, 'kd009', 'ekavaz.6.jpg', '795.1650032003063#3397.920560364021#4104.224005484263#'),
(71, 'kd009', 'ekavaz.7.jpg', '803.6453594523678#3496.498924296385#4096.3554133461175#'),
(72, 'kd009', 'ekavaz.8.jpg', '800.5855805764272#3600.445930938465#4236.571875515248#'),
(73, 'kd010', 'yfhsie.10.jpg', '559.6393675081781#1891.416348253885#2814.3259997824725#'),
(74, 'kd010', 'yfhsie.11.jpg', '590.6028570089202#1954.858235830096#2958.2668295071235#'),
(75, 'kd010', 'yfhsie.12.jpg', '576.5253579906616#1917.9156539249404#2844.7318643063445#'),
(76, 'kd010', 'yfhsie.13.jpg', '585.4610480945548#1963.384081405709#2912.9998932176213#'),
(77, 'kd010', 'yfhsie.14.jpg', '593.4718860876642#1973.4401465125784#2940.7066924445016#'),
(78, 'kd010', 'yfhsie.15.jpg', '600.4053175468243#1943.2015068534602#2818.2764194383435#'),
(79, 'kd010', 'yfhsie.16.jpg', '598.0654309701272#1935.1786146024526#2857.3360590673756#'),
(80, 'kd010', 'yfhsie.17.jpg', '577.4054868200024#1880.0847855721738#2732.716666889109#');

-- --------------------------------------------------------

--
-- Struktur dari tabel `tb_pelatihan`
--

CREATE TABLE IF NOT EXISTS `tb_pelatihan` (
  `idPelatihan` varchar(7) NOT NULL,
  `nama` varchar(20) NOT NULL,
  `tglLahir` date NOT NULL,
  `alamat` text NOT NULL,
  `nilaiTarget` text NOT NULL,
  PRIMARY KEY (`idPelatihan`)
) ENGINE=InnoDB DEFAULT CHARSET=latin1;

--
-- Dumping data untuk tabel `tb_pelatihan`
--

INSERT INTO `tb_pelatihan` (`idPelatihan`, `nama`, `tglLahir`, `alamat`, `nilaiTarget`) VALUES
('kd001', 'Muhamad Burhanudin', '1990-06-28', 'Brebes', '0000'),
('kd002', 'Puji Astuti', '1990-05-19', 'Kebumen', '0001'),
('kd003', 'Budi Ratnosari', '1990-07-12', 'Kemiren, Magelang', '0010'),
('kd004', 'Amaludin', '1990-11-07', 'Bontang', '0011'),
('kd005', 'Syahru Ramadhan', '1990-09-19', 'Palembang', '0100'),
('kd006', 'Abdul Affif', '1990-05-04', 'Brebes', '0101'),
('kd007', 'Imam Subchi', '1990-01-10', 'Brebes', '0110'),
('kd008', 'Caesar Ade S', '1990-02-07', 'Kebumen', '0111'),
('kd009', 'Ayu Nurjanah', '1991-07-28', 'Indramayu', '1000'),
('kd010', 'Hartini', '1993-07-22', 'Kedungsari', '1001');

-- --------------------------------------------------------

--
-- Struktur dari tabel `tb_settingjst`
--

CREATE TABLE IF NOT EXISTS `tb_settingjst` (
  `idSetting` varchar(7) NOT NULL,
  `nilai` double NOT NULL,
  PRIMARY KEY (`idSetting`)
) ENGINE=InnoDB DEFAULT CHARSET=latin1;

--
-- Dumping data untuk tabel `tb_settingjst`
--

INSERT INTO `tb_settingjst` (`idSetting`, `nilai`) VALUES
('fepoch', 5725),
('fSSE', 0.09999923039665506),
('kb', 0.5);

/*!40101 SET CHARACTER_SET_CLIENT=@OLD_CHARACTER_SET_CLIENT */;
/*!40101 SET CHARACTER_SET_RESULTS=@OLD_CHARACTER_SET_RESULTS */;
/*!40101 SET COLLATION_CONNECTION=@OLD_COLLATION_CONNECTION */;
